Input,Scheme,Problem,Normalized,L2_sum,L2_magnitude,Input,RMSE

4	EULER	ROM	0.22452182584488684	36.51863279018274	162.65070290053674	0.0	0.8163773848012313	
4	EULER	ROM	0.0386296164379199	6.2831342664058	162.65070290053674	0.0	0.14046004269202275	