p,Scheme,Problem,train_time,test_time,total_time,ode_time,Input,Sigma

4	EULER	ROM	16.21004557609558	1.0965847969055176	17.3066303730011	
4	EULER	ROM	16.18858575820923	1.1709272861480713	17.3595130443573	