Legs/ Lookback,Scheme,Problem,L2 Norm non-dimensional,L2 Norm Absolute,L2 Norm True solution,X

1	LSTM	ROM	0.41761992262400444	67.92617396006209	162.65070290053674	0.0	
2	LSTM	ROM	0.5615800292565665	91.34138649348452	162.65070290053674	0.0	
4	LSTM	ROM	0.34865517572101157	56.709009400932686	162.65070290053674	0.0	
1	LSTM	ROM	0.412966973532063	1.5036653285746098	3.6411273175525842	0.0	
2	LSTM	ROM	0.2184758868314889	0.7954985197686611	3.6411273175525842	0.0	
4	LSTM	ROM	0.09388975546787345	0.34186455347240613	3.6411273175525842	0.0	